ANO_ELEICAO,NOME_MUNICIPIO,NOME_CANDIDATO,SIGLA_PARTIDO,NUMERO_PARTIDO,COMPOSICAO_LEGENDA
2012,CATINGUEIRA,ALBINO FELIX DE SOUSA NETO,PR,22,PP / PMDB / PR / DEM / PV
2012,CURRAL DE CIMA,NADIR FERNANDES DE FARIAS,DEM,25,PTB / PMDB / PSL / PR / DEM / PPL
2012,ASSUNÇÃO,RAFAEL ANDERSON DE FARIAS OLIVEIRA,PSD,55,PT / PTB / PRTB / PHS / PRP / PSD
2012,CARAÚBAS,SEVERINO VIRGÍNIO DA SILVA,PSC,20,PMDB / PSC
2012,LIVRAMENTO,CARMELITA ESTEVÃO VENTURA SOUSA,PR,22,PP / PSL / PR / PPS / DEM / PSB / PV / PSDB / PSD / PC do B
2012,DESTERRO,ROSÂNGELA DE FÁTIMA LEITE,PSB,40,PRB / PSC / DEM / PSB / PSDB / PSD / PC do B
2012,CATOLÉ DO ROCHA,LEOMAR BENICIO MAIA,PTB,14,PP / PTB / PPS / DEM / PV
2012,CONDADO,CAIO RODRIGO BEZERRA PAIXAO,PR,22,PP / PSC / PR / PRTB / PSDB
2012,CONDE,TATIANA LUNDGREN CORREA DE OLIVEIRA,PT do B,70,PRB / PP / PTB / PSL / PR / PHS / PMN / PTC / PV / PRP / PSDB / PC do B / PT do B
2012,CARRAPATEIRA,ANDRÉ PEDROSA ALVES,PTB,14,PDT / PT / PTB / PMDB / PPS
2012,TAPEROÁ,JURANDI GOUVEIA FARIAS,PMDB,15,PRB / PDT / PT / PMDB / PSC / PR / PPS / PSDC / PSDB
2012,CASSERENGUE,LUIS CARLOS FRANCISCO DOS SANTOS,PSD,55,PP / PT / DEM / PSB / PSD
2012,COXIXOLA,GIVALDO LIMEIRA DE FARIAS,DEM,25,DEM / PSB / PSDB / PSD
2012,ALAGOA GRANDE,HILDON REGIS NAVARRO FILHO,PR,22,PDT / PT / PMDB / PSC / PR
2012,PARARI,JOSE JOSEMAR FERREIRA DE SOUZA,PSB,40,PTB / PSC / PSB / PV / PSDB
2012,CATURITÉ,JAIR DA SILVA RAMOS,PSC,20,PTB / PMDB / PSC / PRTB / PHS
2012,PASSAGEM,MAGNO SILVA MARTINS,PMDB,15,PT / PMDB
2012,CONGO,ROMUALDO ANTONIO QUIRINO DE SOUSA,PDT,12,PDT / PT / PMDB / PSC / PV / PT do B
2012,CUBATI,EDUARDO RONIELLE GUIMARÃES MARTINS DANTAS,PMDB,15,PMDB / PPS / DEM
2012,PRINCESA ISABEL,DOMINGOS SÁVIO MAXIMIANO ROBERTO,PSDB,45,PRB / PT / PMDB / PPS / PSDB
2012,JOÃO PESSOA,LUCIANO CARTAXO PIRES DE SÁ,PT,13,PRB / PP / PT / PPS
2012,PEDRO RÉGIS,JOSE AURELIO FERREIRA,PSDB,45,PTB / PR / DEM / PSDB
2012,COREMAS,ANTÔNIO CARLOS CAVALCANTI LOPES,PSDB,45,PP / PMDB / PPS / DEM / PSDB / PC do B
2012,CUITÉ,EUDA FABIANA DE FARIAS PALMEIRA VENÂNCIO,PMDB,15,PP / PT / PMDB / PSL / PR
2012,CURRAL VELHO,JOAQUIM ALVES BARBOSA FILHO,PSDB,45,PTB / PMDB / DEM / PSDB / PSD / PC do B
2012,DIAMANTE,MARCILIA MANGUEIRA GUIMARÃES,PMDB,15,PMDB / PR / PSB / PC do B
2012,DAMIÃO,LUCILDO FERNANDES DE OLIVEIRA,PSB,40,PSC / PSB
2012,DUAS ESTRADAS,EDSON GOMES DE LUNA,PR,22,PT / PMDB / PR
2012,PEDRAS DE FOGO,DERIVALDO ROMÃO DOS SANTOS,PSB,40,DEM / PHS / PSB / PV / PRP / PSD
2012,PILÕES,ADRIANA APARECIDA SOUZA DE ANDRADE,PT do B,70,PRB / PTB / PMDB / DEM / PSB / PV / PSDB / PSD / PT do B
2012,PIRPIRITUBA,RINALDO DE LUCENA GUEDES,PSB,40,PRB / PDT / PT / PSB / PSD
2012,PRATA,ANTONIO COSTA NOBREGA JUNIOR,PMDB,15,PMDB / PSC / PMN / PRP / PT do B
2012,RIACHÃO DO BACAMARTE,JOSE GIL MOTA TITO,PSDB,45,PRB / PT / PMDB / PSC / PR / PSDB
2012,EMAS,JOSÉ WILLIAM SEGUNDO MADRUGA,PMDB,15,PRB / PP / PT / PMDB / PR / PT do B
2012,CUITÉ DE MAMANGUAPE,ISAURINA SANTOS MEIRELES DE BRITO,PMDB,15,PP / PMDB / PR / PPS / PSD / PT do B
2012,CUITEGI,GUILHERME CUNHA MADRUGA JUNIOR,PSB,40,PRB / PT / PMDB / PSC / PR / PPS / PSB / PPL / PSD
2012,SANTA LUZIA,JOSE ADEMIR PEREIRA DE MORAIS,DEM,25,PPS / DEM / PSDB / PSD
2012,SANTA RITA,REGINALDO PEREIRA DA COSTA,PRP,44,PR / PHS / PRP / PSDB / PT do B
2012,ITAPOROROCA,CELSO DE MORAIS ANDRADE NETO,DEM,25,PDT / PMDB / DEM / PSB / PSDB / PT do B
2012,IGARACY,DEUSALEIDE JERONIMO LEITE,PSB,40,PDT / PMDB / DEM / PSB / PSDB / PSD
2012,ALAGOINHA,ALCIONE MARACAJÁ DE MORAIS BELTRÃO,PHS,31,PP / PT / PTB / PR / PPS / DEM / PSDC / PHS / PSB / PV / PSDB / PSD / PC do B
2012,ESPERANÇA,ANDERSON MONTEIRO COSTA,PSC,20,PRB / PP / PDT / PMDB / PSC / PR / DEM / PRTB / PMN / PV / PSDB
2012,DONA INÊS,ANTONIO JUSTINO DE ARAUJO NETO,PSB,40,PSB / PSDB / PSD
2012,CRUZ DO ESPÍRITO SANTO,PEDRO GOMES PEREIRA,PSD,55,PRB / PDT / PMDB / PR / PTC / PSDB / PSD
2012,ARARUNA,WILMA TARGINO MARANHÃO,PMDB,15,PRB / PMDB / PSC / PR / PRTB / PMN
2012,CAMPINA GRANDE,ROMERO RODRIGUES VEIGA,PSDB,45,PRB / PSL / PTN / DEM / PSB / PV / PRP / PSDB / PSD / PT do B
2012,PEDRA BRANCA,JOSÉ DE ANCHIETA NOIA,PTB,14,PRB / PT / PTB / PSB / PSD
2012,LUCENA,MARCELO SALES DE MENDONÇA,PSB,40,PR / PPS / DEM / PSB / PSDB / PSD / PC do B
2012,SOLEDADE,FLAVIO AURELIANO DA SILVA NETO,PTN,19,PTN / DEM / PMN / PSB / PSDB / PSD / PC do B / PT do B
2012,PICUÍ,ACACIO ARAUJO DANTAS,DEM,25,PRB / PTB / PPS / DEM / PSB / PSDB / PSD / PT do B
2012,PILAR,VIRGINIA MARIA PEIXOTO VELLOSO BORGES,PP,11,PP / PT / PTB / PMDB / PSC / PR / PSB / PSDB
2012,LAGOA SECA,JOSÉ TADEU SALES DE LUNA,PSC,20,PT / PTB / PMDB / PSC / DEM / PSB
2012,ARAÇAGI,JOSE ALEXANDRINO PRIMO,DEM,25,PR / DEM / PSDC / PSDB / PT do B
2012,AREIA DE BARAÚNAS,VANDERLITA GUEDES PEREIRA,PSDB,45,DEM / PSB / PSDB
2012,GADO BRAVO,AUSTERLIANO EVALDO ARAUJO,PMDB,15,PRB / PMDB / DEM / PHS
2012,SERRA BRANCA,EDUARDO JOSÉ TORREÃO MOTA,PMDB,15,PMDB / PR / DEM / PMN
2012,GURINHÉM,TARCÍSIO SAULO DE PAIVA,PDT,12,PDT / PT / PMDB
2012,GURJÃO,RONALDO RAMOS DE QUEIROZ,PSC,20,PRB / PTB / PMDB / PSL / PSC / DEM / PSD / PT do B
2012,RIO TINTO,SEVERINA FERREIRA ALVES,PMDB,15,PT / PMDB / PR / DEM / PMN / PV / PC do B
2012,ALAGOA NOVA,KLEBER HERCULANO DE MORAES,PMDB,15,PT / PMDB
2012,SANTANA DOS GARROTES,ELIO RIBEIRO DE MORAIS,PT,13,PP / PT / PMDB / PSC
2012,POÇO DE JOSÉ DE MOURA,AURILEIDE EGIDIO DE MOURA,DEM,25,PP / PT / PMDB / PR / DEM / PSDB
2012,ALHANDRA,MARCELO RODRIGUES DA COSTA,PMDB,15,PT / PMDB / PT do B
2012,PAULISTA,SEVERINO PEREIRA DANTAS,PTB,14,PTB / PMDB / DEM
2012,GUARABIRA,ZENÓBIO TOSCANO DE OLIVEIRA,PSDB,45,PRB / PP / PDT / PTB / PTN / PPS / DEM / PRTB / PSB / PV / PRP / PSDB / PSD / PT do B
2012,QUEIMADAS,JACÓ MOREIRA MACIEL,PSD,55,PP / PT / PTN / PPS / PSDB / PSD
2012,PATOS,FRANCISCA GOMES ARAUJO MOTTA,PMDB,15,PRB / PT / PTB / PMDB / PSC / PR / PHS / PMN / PPL / PC do B / PT do B
2012,PIANCÓ,FRANCISCO SALES DE LIMA LACERDA,DEM,25,PP / PT / PTB / PMDB / PTN / PSC / PPS / DEM / PRTB / PV / PSDB / PC do B / PT do B
2012,AREIAL,CICERO PEDRO MEDA DE ALMEIDA,PMDB,15,PP / PTB / PMDB / PSC
2012,FAGUNDES,JOSÉ PEDRO DA SILVA,PSB,40,PRB / PTB / PSL / DEM / PSB
2012,SANTO ANDRÉ,SILVANA FERNANDES MARINHO DE ARAUJO,PT do B,70,PRB / PP / PT / PMDB / PSC / PR / PHS / PT do B
2012,SÃO BENTO,GEMILTON SOUZA DA SILVA,PR,22,PDT / PT / PTB / PSL / PSC / PR / PPS / DEM / PSB / PSDB / PSD / PT do B
2012,SÃO JOÃO DO CARIRI,VALTER MARCONE MEDEIROS,PR,22,PT / PR / DEM
2012,AROEIRAS,MYLTON DOMINGUES DE AGUIAR MARQUES,PSDB,45,PTB / PPS / PSB / PSDB / PSD
2012,POMBAL,YASNAIA POLLYANNA WERTON DUTRA,PT,13,PDT / PT / PSL / PR / PMN / PSB / PV / PSDB
2012,SÃO BENTINHO,GIOVANA LEITE CAVALCANTI OLIMPIO,PSDB,45,PTB / PMDB / PSDB
2012,PILÕEZINHOS,ROSINALDO LUCENA MENDES,PMDB,15,PTB / PMDB
2012,AGUIAR,MANOEL BATISTA GUEDES FILHO,PP,11,PRB / PP / PT / PMDB / PSC / PR / PPS / PSDC / PHS / PMN / PSB / PSDB / PC do B / PT do B
2012,SANTA CECÍLIA,DANIEL LOPES DE MENDONÇA,PSB,40,PTN / PR / DEM / PSB / PRP / PSDB / PSD
2012,QUIXABA,JÚLIO CEZAR DE MEDEIROS BATISTA,PMDB,15,PMDB / PSDB
2012,FREI MARTINHO,AGUIFAILDO LIRA DANTAS,PSB,40,PMDB / PPS / DEM / PSB / PSDB / PSD
2012,PITIMBU,LEONARDO JOSÉ BARBALHO CARNEIRO,PSD,55,PTB / PPS / DEM / PSDC / PHS / PSD
2012,IMACULADA,ALDO LUSTOSA DA SILVA,PSD,55,PP / PDT / PTB / PMDB / PR / PSD
2012,POÇO DANTAS,JOSE GURGEL SOBRINHO,PSB,40,PT / PMDB / PSB
2012,SALGADINHO,DEBORA CRISTIANE FARIAS MORAIS,PSDB,45,PTB / PMDB / DEM / PSB / PSDB / PSD
2012,SÃO JOSÉ DA LAGOA TAPADA,EVILASIO FORMIGA LUCENA NETO,DEM,25,PT / PR / DEM / PSB / PSD
2012,JACARAÚ,JOAO RIBEIRO FILHO,PMDB,15,PMDB / PSB / PSD
2012,SÃO JOSÉ DE ESPINHARAS,RENÊ TRIGUEIRO CAROCA,PSDB,45,PR / PPS / DEM / PSDB / PC do B
2012,PUXINANÃ,LUCIA DE FATIMA AIRES MIRANDA,PSB,40,DEM / PSB / PSDB
2012,RIACHÃO DO POÇO,JOSE CONSTANCIO SOBRINHO,PSDB,45,PP / PDT / DEM / PSDB
2012,SANTA CRUZ,RAIMUNDO ANTUNES BATISTA,PT,13,PT / PMDB / PSC / PR / PMN / PT do B
2012,JOCA CLAUDINO,LUCRECIA ADRIANA DE ANDRADE BARBOSA DANTAS,PMDB,15,PT / PTB / PMDB / PPS / PMN / PSDB / PSD
2012,ITABAIANA,ANTONIO CARLOS RODRIGUES DE MELO JUNIOR,PMDB,15,PRB / PP / PMDB / PPS / PRTB / PHS
2012,SANTA HELENA,EMMANUEL FELIPE LUCENA MESSIAS,PSD,55,PP / PMDB / PSB / PSDB / PSD
2012,APARECIDA,JULIO CÉSAR QUEIROGA DE ARAÚJO,PSD,55,PP / PT / PTC / PSB / PSDB / PSD
2012,SANTA TERESINHA,JOSE DE ARIMATEIA NUNES CAMBOIM,PRB,10,PRB / PP
2012,SÃO DOMINGOS DE POMBAL,ODAISA DE CÁSSIA QUEIROGA DA SILVA NOBREGA,PMDB,15,PP / PMDB
2012,SÃO JOSÉ DE PIRANHAS,DOMINGOS LEITE DA SILVA NETO,PMDB,15,PRB / PT / PTB / PMDB / PR / PPS / PSB / PSD / PC do B
2012,SÃO FRANCISCO,JOAO BOSCO GADELHA DE OLIVEIRA FILHO,PSDB,45,PMDB / DEM / PSDB / PSD
2012,SÃO JOÃO DO TIGRE,JOSE MAUCELIO BARBOSA,PMN,33,PT / PTB / PMDB / PSC / PPS / PMN
2012,ITATUBA,ARON RENE MARTINS DE ANDRADE,PMDB,15,PRB / PT / PTB / PMDB / PV
2012,POCINHOS,CLAUDIO CHAVES COSTA,PMN,33,PP / PT / PMDB / PR / PRTB / PHS / PMN
2012,AREIA,PAULO GOMES PEREIRA,PRB,10,PRB / PTB / PSL / PR / PPS / PRTB / PRP / PSDB / PSD / PC do B / PT do B
2012,SÃO JOÃO DO RIO DO PEIXE,JOSÉ AIRTON PIRES DE SOUSA,PSC,20,PP / PMDB / PSC / DEM / PSDC / PHS / PSDB / PSD
2012,PEDRA LAVRADA,ROBERTO JOSÉ VASCONCELOS CORDEIRO,PSB,40,PR / PPS / DEM / PSB
2012,ALCANTIL,JOSÉ ADEMAR DE FARIAS,PMDB,15,PT / PMDB
2012,ITAPORANGA,AUDIBERG ALVES DE CARVALHO,PTB,14,PDT / PTB / PPS / PSB
2012,BAÍA DA TRAIÇÃO,MANUEL MESSIAS RODRIGUES,PMDB,15,PRB / PTB / PMDB / PPS
2012,SANTANA DE MANGUEIRA,TÂNIA MANGUEIRA NITAO INÁCIO,PTB,14,PDT / PT / PTB / PMDB / PSC / PPL
2012,AMPARO,JOSE ARNALDO DA SILVA,PSB,40,PT / PPS / PSB / PSD
2012,SÃO JOSÉ DE CAIANA,JOSÉ WALTER MARINHO MARSICANO JUNIOR,PMDB,15,PP / PDT / PMDB / PSL / PSB / PSDB / PSD / PT do B
2012,JERICÓ,CLAUDEEIDE DE OLIVEIRA MELO,DEM,25,PRB / PDT / PT / PTB / PR / DEM / PMN
2012,SÃO DOMINGOS DO CARIRI,JOSE FERREIRA DA SILVA,PSDB,45,PTB / DEM / PSDB
2012,RIACHO DOS CAVALOS,JOAQUIM HUGO VIEIRA CARNEIRO,PP,11,PP / PSC / PSB
2012,REMÍGIO,MELCHIOR NAELSON BATISTA DA SILVA,PSB,40,PRB / PDT / PT / PTB / PMDB / PPS / DEM / PMN / PTC / PSB / PV / PC do B / PT do B
2012,RIACHÃO,FABIO MOURA DE MOURA,PTB,14,PT / PTB / DEM / PSD
2012,RIACHO DE SANTO ANTÔNIO,JOSEVALDO DA SILVA COSTA,PTB,14,PP / PTB / PMDB / PSC / PPL / PSD
2012,ÁGUA BRANCA,TARCISIO ALVES FIRMINO,PSB,40,PP / DEM / PSB / PSD
2012,BARAÚNA,ALYSON JOSÉ SILVA AZEVEDO,PMDB,15,PP / PMDB / PSL / PR
2012,SÃO SEBASTIÃO DO UMBUZEIRO,FRANCISCO ALÍPIO NEVES,DEM,25,PP / PT / PR / DEM / PSB / PSD
2012,SALGADO DE SÃO FÉLIX,ADAURIO ALMEIDA,DEM,25,PDT / PT / PMDB / PR / PPS / DEM / PTC / PSDB / PSD / PP
2012,ALGODÃO DE JANDAÍRA,HUMBERTO DOS SANTOS,PP,11,PP / PSC / PPS / PSB / PSDB / PSD / PC do B
2012,INGÁ,MANOEL BATISTA CHAVES FILHO,PSD,55,PDT / PR / DEM / PSDC / PSB / PSD
2012,SÃO MIGUEL DE TAIPU,CLODOALDO BELTRAO BEZERRA DE MELO,PMDB,15,PMDB / PSC / DEM / PSDB / PPL / PSD
2012,SERRA REDONDA,MANOEL MARCELO DE ANDRADE,PSDB,45,PDT / PMDB / PSL / DEM / PSB / PSDB
2012,LASTRO,WILMESON EMMANUEL MENDES SARMENTO,PMDB,15,PMDB / PR
2012,IBIARA,PEDRO FEITOZA LEITE,PT,13,PMDB / PT / PC do B / PPL / PV / DEM
2012,SÃO MAMEDE,FRANCISCO DAS CHAGAS LOPES DE SOUSA,DEM,25,PPS / DEM / PSB / PSDB
2012,LAGOA DE DENTRO,FABIANO PEDRO DA SILVA,PSD,55,PP / PSL / DEM / PSB / PSDB / PSD
2012,CONCEIÇÃO,JOSE IVANILSON SOARES DE LACERDA,PSDB,45,PP / PTB / PR / DEM / PTC / PSB / PRP / PSDB
2012,ARARA,ERALDO FERNANDES DE AZEVEDO,PSL,17,PP / PDT / PTB / PMDB / PSL / PSC / PTC / PSDB
2012,JUAREZ TÁVORA,MARIA ANA FARIAS DOS SANTOS,PSD,55,PRB / PP / PDT / PMDB / PTN / PSC / PPS / PHS / PSB / PSD
2012,SÃO JOSÉ DOS CORDEIROS,FERNANDO MARCOS DE QUEIROZ,PSB,40,PT / PMDB / PSC / PR / PSB / PSD
2012,BELÉM DO BREJO DO CRUZ,GERMANO LACERDA DA CUNHA,PSC,20,PT / PMDB / PSC / PR / PV
2012,BOA VISTA,EDVAN PEREIRA LEITE,PSDB,45,PDT / PTB / PR / DEM / PRTB / PSB / PSDB
2012,SERRA GRANDE,JAIRO HALLEY DE MOURA CRUZ,PSB,40,PTB / PSC / DEM / PSB / PSDB / PC do B
2012,BARRA DE SÃO MIGUEL,LUZINECTT TEIXEIRA LOPES,PMDB,15,PT / PMDB / PSB
2012,BAYEUX,EXPEDITO PEREIRA DE SOUZA,PSB,40,PRB / PTB / PSL / PR / PPS / PHS / PSB / PV / PSD / PC do B
2012,BERNARDINO BATISTA,GERVAZIO GOMES DOS SANTOS,PMDB,15,PMDB / PMN / PSD
2012,SÃO JOSÉ DO SABUGI,IRACEMA NELIS DE ARAUJO DANTAS,PSDB,45,DEM / PSB / PSDB
2012,JUNCO DO SERIDÓ,COSMO SIMOES DE MEDEIROS,PSD,55,PP / PT / PMDB / PSD
2012,SÃO JOSÉ DOS RAMOS,EDUARDO GINDRE CAXIAS DE LIMA,PMDB,15,PT / PMDB
2012,JURU,LUIZ GALVÃO DA SILVA,PSB,40,PT / PSB / PSD
2012,MALTA,MANOEL BENEDITO DE LUCENA FILHO,PMDB,15,PT / PTB / PMDB / PPS / PMN
2012,SOSSÊGO,CARLOS ANTONIO ALVES DA SILVA,PSD,55,PDT / PTB / PMDB / PPS / PSD
2012,SOUSA,ANDRE AVELINO DE PAIVA GADELHA NETO,PMDB,15,PT / PMDB / PSC / PR / PRTB / PMN / PTC
2012,TAVARES,AILTON NIXON SUASSUNA PORTO,PMDB,15,PRB / PDT / PMDB / PC do B
2012,MAMANGUAPE,EDUARDO CARNEIRO DE BRITO,PR,22,PP / PSC / PR / PSDB / PSD
2012,MARCAÇÃO,ADRIANO DE OLIVEIRA BARRETO,PSB,40,PTB / DEM / PSB / PSD
2012,MARI,MARCOS AURELIO MARTINS DE PAIVA,PSB,40,PP / DEM / PSB / PV / PSD
2012,MATARACA,OLIMPIO DE ALENCAR ARAUJO BEZERRA,PSDB,45,PT / PPS / PSB / PSDB
2012,VIEIRÓPOLIS,ANTONIO CEZAR BRAGA,PTB,14,PT / PTB / PRTB / PSD
2012,CAAPORÃ,JOÃO BATISTA SOARES,PMDB,15,PRB / PT / PTB / PMDB / PSC / PR / PHS / PV / PPL / PC do B / PT do B
2012,CABEDELO,JOSE MARIA DE LUCENA FILHO,PMDB,15,PRB / PP / PT / PTB / PMDB / PSL / PSC / PR / DEM / PSDC / PRTB / PHS / PTC / PV / PRP / PSDB / PPL / PC do B
2012,SERTÃOZINHO,MARCIA MOUSINHO ARAUJO,PMDB,15,PT / PMDB
2012,SÃO JOSÉ DE PRINCESA,LUIZ FERREIRA DE MORAIS,PMDB,15,PMDB / PC do B
2012,SÃO JOSÉ DO BONFIM,ROSALBA GOMES DA NOBREGA,PMDB,15,PRB / PT / PTB / PMDB
2012,SÃO VICENTE DO SERIDÓ,MARIA GRACIETE DO NASCIMENTO DANTAS,DEM,25,PRB / PP / PSL / PSC / PPS / DEM / PHS / PSB / PV / PSDB / PSD / PC do B / PT do B
2012,MARIZÓPOLIS,JOSÉ VIEIRA DA SILVA,PTB,14,PP / PTB / PMDB / PTN / PR
2012,CACIMBA DE AREIA,ORISMAN FERREIRA DA NÓBREGA,PSDB,45,PT / PR / DEM / PSB / PSDB
2012,SOBRADO,GEORGE JOSÉ PORCIUNCULA PEREIRA COELHO,PSDB,45,PDT / PT / PR / PSDB
2012,SÃO JOSÉ DO BREJO DO CRUZ,ALDINEIDE SARAIVA DE OLIVEIRA,PMDB,15,PP / PMDB / PSB
2012,SANTA INÊS,JOAO NILDO LEITE,PDT,12,PP / PDT / PSDB
2012,BELÉM,EDGARD GAMA,PMDB,15,PT / PMDB / PR / PC do B
2012,LOGRADOURO,CELIA MARIA DE QUEIROZ CARVALHO,PMDB,15,PMDB / DEM
2012,MANAÍRA,JOSE SIMAO DE SOUSA,PSDB,45,PT / PMDB / PSL / PSDB
2012,OLHO D'ÁGUA,FRANCISCO DE ASSIS CARVALHO,PSDB,45,PDT / PTB / DEM / PSB / PSDB
2012,BOQUEIRÃO,JOÃO PAULO BARBOSA LEAL SEGUNDO,PSD,55,PMDB / PSL / PTN / PHS / PRP / PSD / PC do B / PT do B
2012,MATO GROSSO,RAELLYSON RODRIGO OLIVEIRA MONTEIRO,DEM,25,PDT / PTB / DEM / PSB / PSD
2012,SÃO SEBASTIÃO DE LAGOA DE ROÇA,MARIA DO SOCORRO CARDOSO,PMDB,15,PDT / PMDB
2012,SERRARIA,SEVERINO FERREIRA DA SILVA,PSDB,45,PDT / PT / PTB / PMDB / PSL / PSC / PR / PSDB / PSD
2012,BONITO DE SANTA FÉ,ALDERI DE OLIVEIRA CAJU,PMDB,15,PTB / PMDB / PR / PV
2012,NOVA PALMEIRA,JOSE FELIX DE LIMA FILHO,PR,22,PP / PR
2012,CAPIM,EDVALDO CARLOS FREIRE JUNIOR,PMDB,15,PT / PMDB / PSL / PR / DEM / PV
2012,CAJAZEIRAS,FRANCISCA DENISE ALBUQUERQUE DE OLIVEIRA,PSB,40,PRB / PP / PDT / PSL / PTN / PR / PPS / DEM / PMN / PSB / PV / PRP / PSDB / PSD
2012,BOM SUCESSO,IVALDO WASHINGTON DE LIMA,PSC,20,PT / PMDB / PSC / PPS / PMN / PSDB / PT do B
2012,BREJO DO CRUZ,ANA MARIA DUTRA DA SILVA,PR,22,PT / PMDB / PR / DEM / PV
2012,BARRA DE SANTA ROSA,FABIAN DUTRA SILVA,PSB,40,PRB / PP / PT / PMDB / PSB
2012,LAGOA,MAGNO DEMYS DE OLIVEIRA BORGES,PTB,14,PP / PT / PTB / PSC / PR / DEM / PSD
2012,BARRA DE SANTANA,JOVENTINO ERNESTO DO REGO NETO,PSC,20,PDT / PT / PMDB / PSC
2012,SAPÉ,FLAVIO ROBERTO MALHEIROS FELICIANO,PSB,40,PP / PT / PSL / PPS / PSB / PSDB / PT do B
2012,BANANEIRAS,DOUGLAS LUCENA MOURA DE MEDEIROS,PPS,23,PDT / PMDB / PSC / PPS / DEM / PSDC / PSB / PV / PSDB
2012,SOLEDADE,JOSE BENTO LEITE DO NASCIMENTO,PT,13,PP / PT / PTB / PMDB / PR / PTC / PV
2012,SERRA DA RAIZ,ADAILMA FERNANDES DA SILVA,DEM,25,PT / DEM / PSB / PSD
2012,SOLÂNEA,SEBASTIÃO ALBERTO CANDIDO DA CRUZ,PPS,23,PP / PDT / PR / PPS / PSDC / PRTB / PMN / PV / PSDB / PSD
2012,JURIPIRANGA,PAULO DALIA TEIXEIRA,PSD,55,PSD / PSB / PSDB / DEM
2012,MATINHAS,MARIA DE FÁTIMA SILVA,PMDB,15,PRB / PP / PMDB / PSC / PHS
2012,VÁRZEA,JOSE IVALDO DE MORAIS,DEM,25,PT / PTB / PSC / DEM / PSDB
2012,BREJO DOS SANTOS,LUIZ VIEIRA DE ALMEIDA,PT do B,70,PT / PMDB / PSDB / PT do B
2012,MONTADAS,JAIRO HERCULANO DE MELO,PSB,40,PSB
2012,ZABELÊ,IRIS DE CÉU DE SOUSA HENRIQUE,DEM,25,DEM / PSD
2012,MONTEIRO,EDNACÉ ALVES SILVESTRE HENRIQUE,PSDB,45,PDT / PSL / PR / PPS / DEM / PTC / PSB / PV / PSDB / PSD
2012,MULUNGU,JOANA DARC RODRIGUES BANDEIRA FERRAZ,PSB,40,PDT / PMDB / DEM / PSB / PSD
2012,BOA VENTURA,MARIA LEONICE LOPES VITAL,PSDC,27,PSL / PSDC / PSB / PSD / PC do B
2012,MÃE D'ÁGUA,MARGARIDA MARIA FRAGOSO SOARES,PPS,23,PPS / DEM / PSB / PSDB / PSD
2012,MOGEIRO,ANTONIO JOSÉ FERREIRA,PR,22,PSC / PR / PV
2012,OLIVEDOS,GRIGORIO DE ALMEIDA SOUTO,PMDB,15,PMDB / PSC / PSDB
2012,NATUBA,JOSÉ LINS DA SILVA FILHO,PR,22,PP / PMDB / PR / DEM
2012,CACIMBAS,GERALDO TERTO DA SILVA,PSB,40,PT / PSB / PSDB / PSD
2012,SUMÉ,FRANCISCO DUARTE DA SILVA NETO,PMDB,15,PP / PMDB / PSL / PSC / PR / PSDC / PMN / PC do B
2012,TACIMA,ERIVAN BEZERRA DANIEL,PMDB,15,PP / PT / PTB / PMDB / PSC / PC do B
2012,CACIMBA DE DENTRO,EDMILSON GOMES DE SOUZA,PSDB,45,PT / PMDB / PSB / PSDB / PSD
2012,NOVA OLINDA,MARIA DO CARMO SILVA,PSDB,45,PP / PT / PMDB / PSDB / PSD
2012,UMBUZEIRO,THIAGO PESSOA CAMELO,DEM,25,PSDB / PP / DEM / PR
2012,VISTA SERRANA,JURANDY ARAUJO DA SILVA,PMDB,15,PRB / PT / PMDB / PC do B
2012,TRIUNFO,DAMISIO MANGUEIRA DA SILVA,PMDB,15,PDT / PMDB / DEM / PSDB
2012,BORBOREMA,MARIA PAULA GOMES PEREIRA,PSL,17,PMDB / PSL / PV
2012,UIRAÚNA,JOÃO BOSCO NONATO FERNANDES,PSB,40,PMDB / PMN / PSB
2012,TEIXEIRA,EDMILSON ALVES DOS REIS,PMDB,15,PRB / PT / PMDB / PSL
2012,MASSARANDUBA,JOANA DARC QUEIROGA MENDONCA COUTINHO,PSC,20,PDT / PT / PTB / PMDB / PSC / PR
2012,MATURÉIA,DANIEL DANTAS WANDERLEY,PMDB,15,PDT / PT / PMDB / DEM
2012,CALDAS BRANDÃO,NEUMA RODRIGUES DE MOURA SOARES,PMDB,15,PT / PMDB / PSC / PR / PPS
2012,CAMALAÚ,JACINTO BEZERRA DA SILVA,DEM,25,PR / DEM / PSB / PRP / PSD
2012,OURO VELHO,NATALIA CARNEIRO NUNES DE LIRA,PSD,55,PSDB / PSD
2012,CACHOEIRA DOS ÍNDIOS,FRANCISCO DANTAS RICARTE,DEM,25,PTB / PR / DEM / PMN
2012,CABACEIRAS,LUIZ AIRES CAVALCANTE,PSB,40,PP / PSC / DEM / PSDC / PSB / PT do B
2012,JUAZEIRINHO,CARLEUSA CASTRO MARQUES DE OLIVEIRA RAULINO,PTB,14,PT / PTB / PMDB / PTN / DEM / PSB
2012,NAZAREZINHO,SALVAN MENDES PEDROZA,PSB,40,PDT / PMDB / PR / PSB / PV / PSDB / PSD
2012,MONTE HOREBE,CLAUDIA APARECIDA DIAS,DEM,25,PTN / PR / PPS / DEM / PSB / PV / PSD / PC do B
2012,CAIÇARA,CICERO FRANCISCO DA SILVA,PSB,40,PT / PTB / PR / PSB / PSDB / PSD
2012,BOM JESUS,ROBERTO BANDEIRA DE MELO BARBOSA,PSDB,45,PP / PSDB
2012,CAJAZEIRINHAS,CRISTOVÃO AMARO DA SILVA FILHO,PMDB,15,PP / PTB / PMDB / PR / PSB / PV / PSDB / PT do B
2012,TENÓRIO,EVILAZIO DE ARAUJO SOUTO,PSDB,45,PRB / PDT / PTB / DEM / PSB / PSDB / PT do B
2012,NOVA FLORESTA,JOÃO ELIAS DA SILVEIRA NETO AZEVEDO,DEM,25,PDT / PTB / PMDB / DEM
